{"train_config": {"lr": 0.001, "num_epochs": 20}, "_timestamp": 1701838512.4469652, "_runtime": 7.8253493309021, "_step": 0, "_wandb": {"runtime": 11}}