{"train_config": {"lr": 0.001, "num_epochs": 20}, "_timestamp": 1701826747.1314213, "_runtime": 11.252742290496826, "_step": 0, "_wandb": {"runtime": 14}}