{"train_config": {"lr": 0.001, "num_epochs": 20}, "_timestamp": 1701822246.8821163, "_runtime": 5.371251344680786, "_step": 0, "_wandb": {"runtime": 11}}