{"train_config": {"lr": 0.001, "num_epochs": 20}, "_timestamp": 1701829512.6382122, "_runtime": 18.10345220565796, "_step": 204, "loss": 0.011239173822104931, "_wandb": {"runtime": 17}}