{"train_config": {"lr": 0.001, "num_epochs": 20}, "_timestamp": 1701838636.0037863, "_runtime": 7.4919373989105225, "_step": 0, "_wandb": {"runtime": 11}}